-- phpMyAdmin SQL Dump
-- version 5.2.1
-- https://www.phpmyadmin.net/
--
-- Host: localhost
-- Generation Time: Maj 29, 2024 at 01:52 PM
-- Wersja serwera: 10.4.28-MariaDB
-- Wersja PHP: 8.0.28

SET SQL_MODE = "NO_AUTO_VALUE_ON_ZERO";
START TRANSACTION;
SET time_zone = "+00:00";


/*!40101 SET @OLD_CHARACTER_SET_CLIENT=@@CHARACTER_SET_CLIENT */;
/*!40101 SET @OLD_CHARACTER_SET_RESULTS=@@CHARACTER_SET_RESULTS */;
/*!40101 SET @OLD_COLLATION_CONNECTION=@@COLLATION_CONNECTION */;
/*!40101 SET NAMES utf8mb4 */;

--
-- Database: `Integracja`
--

-- --------------------------------------------------------

--
-- Struktura tabeli dla tabeli `bezrobocie`
--

CREATE TABLE `bezrobocie` (
  `Kod` varchar(7) NOT NULL,
  `Nazwa` varchar(19) DEFAULT NULL,
  `r2004` varchar(4) DEFAULT NULL,
  `r2005` varchar(4) DEFAULT NULL,
  `r2006` varchar(4) DEFAULT NULL,
  `r2007` varchar(4) DEFAULT NULL,
  `r2008` varchar(4) DEFAULT NULL,
  `r2009` varchar(4) DEFAULT NULL,
  `r2010` varchar(4) DEFAULT NULL,
  `r2011` varchar(4) DEFAULT NULL,
  `r2012` varchar(4) DEFAULT NULL,
  `r2013` varchar(4) DEFAULT NULL,
  `r2014` varchar(4) DEFAULT NULL,
  `r2015` varchar(4) DEFAULT NULL,
  `r2016` varchar(4) DEFAULT NULL,
  `r2017` varchar(4) DEFAULT NULL,
  `r2018` varchar(4) DEFAULT NULL,
  `r2019` varchar(3) DEFAULT NULL,
  `r2020` varchar(4) DEFAULT NULL,
  `r2021` varchar(3) DEFAULT NULL,
  `r2022` varchar(3) DEFAULT NULL
) ENGINE=InnoDB DEFAULT CHARSET=utf8 COLLATE=utf8_general_ci;

--
-- Dumping data for table `bezrobocie`
--

INSERT INTO `bezrobocie` (`Kod`, `Nazwa`, `r2004`, `r2005`, `r2006`, `r2007`, `r2008`, `r2009`, `r2010`, `r2011`, `r2012`, `r2013`, `r2014`, `r2015`, `r2016`, `r2017`, `r2018`, `r2019`, `r2020`, `r2021`, `r2022`) VALUES
('0200000', 'DOLNOSLASKIE', '22,4', '20,6', '16,6', '11,4', '10,0', '12,8', '13,1', '12,4', '13,5', '13,1', '10,4', '8,5', '7,2', '5,7', '5,2', '4,6', '5,6', '4,9', '4,5'),
('0400000', 'KUJAWSKO-POMORSKIE', '23,6', '22,3', '19,2', '14,9', '13,3', '16,2', '17,0', '17,0', '18,1', '18,2', '15,5', '13,2', '12,0', '9,9', '8,8', '7,9', '9,0', '8,1', '7,3'),
('0600000', 'LUBELSKIE', '17,8', '17,0', '15,5', '13,0', '11,2', '12,9', '13,1', '13,2', '14,2', '14,4', '12,6', '11,7', '10,3', '8,8', '8,0', '7,5', '8,2', '8,7', '8,0'),
('0800000', 'LUBUSKIE', '25,6', '23,0', '19,0', '14,0', '12,5', '16,2', '15,5', '15,4', '15,9', '15,7', '12,5', '10,5', '8,6', '6,5', '5,8', '4,9', '6,3', '5,1', '4,4'),
('1000000', 'LODZKIE', '19,5', '17,9', '14,7', '11,2', '9,2', '11,9', '12,2', '12,9', '14,0', '14,1', '11,8', '10,3', '8,5', '6,7', '6,1', '5,4', '6,2', '6,1', '5,5'),
('1200000', 'MALOPOLSKIE', '15,0', '13,8', '11,3', '8,7', '7,5', '9,7', '10,4', '10,5', '11,4', '11,5', '9,7', '8,3', '6,6', '5,3', '4,7', '4,1', '5,3', '5,0', '4,4'),
('1400000', 'MAZOWIECKIE', '14,7', '13,8', '11,8', '9,0', '7,3', '9,0', '9,7', '9,8', '10,7', '11,1', '9,6', '8,3', '7,0', '5,6', '4,9', '4,4', '5,2', '4,7', '4,3'),
('1600000', 'OPOLSKIE', '20,0', '18,7', '16,2', '11,9', '9,8', '12,9', '13,6', '13,3', '14,4', '14,2', '11,8', '10,1', '9,0', '7,3', '6,3', '5,8', '6,9', '6,4', '5,9'),
('1800000', 'PODKARPACKIE', '19,1', '18,5', '16,4', '14,2', '13,0', '15,9', '15,4', '15,5', '16,4', '16,3', '14,6', '13,2', '11,5', '9,6', '8,7', '7,9', '9,1', '9,9', '8,8'),
('2000000', 'PODLASKIE', '16,1', '15,6', '13,3', '10,4', '9,7', '12,8', '13,8', '14,1', '14,7', '15,1', '12,9', '11,8', '10,3', '8,5', '7,7', '6,9', '7,8', '7,8', '7,0'),
('2200000', 'POMORSKIE', '21,4', '19,2', '15,3', '10,7', '8,4', '11,9', '12,3', '12,5', '13,4', '13,2', '11,1', '8,9', '7,1', '5,4', '4,9', '4,5', '5,9', '5,2', '4,6'),
('2400000', 'SLASKIE', '16,9', '15,5', '12,7', '9,2', '6,9', '9,4', '10,0', '10,2', '11,1', '11,3', '9,6', '8,2', '6,6', '5,1', '4,3', '3,6', '4,9', '4,3', '3,7'),
('2600000', 'SWIETOKRZYSKIE', '22,0', '20,6', '17,7', '14,9', '13,7', '15,1', '15,2', '15,2', '16,0', '16,6', '14,1', '12,5', '10,8', '8,8', '8,3', '8,0', '8,5', '8,7', '7,8'),
('2800000', 'WARMINSKO-MAZURSKIE', '29,2', '27,2', '23,6', '18,7', '16,8', '20,7', '20,0', '20,2', '21,3', '21,6', '18,7', '16,2', '14,2', '11,7', '10,4', '9,1', '10,2', '9,1', '8,6'),
('3000000', 'WIELKOPOLSKIE', '15,9', '14,6', '11,7', '7,8', '6,4', '9,2', '9,2', '9,1', '9,8', '9,6', '7,6', '6,1', '4,9', '3,7', '3,2', '2,8', '3,7', '3,2', '2,9'),
('3200000', 'ZACHODNIOPOMORSKIE', '27,5', '25,6', '21,5', '16,4', '13,3', '17,1', '17,8', '17,6', '18,2', '18,0', '15,5', '13,1', '10,9', '8,5', '7,4', '6,8', '8,4', '7,3', '6,7');

-- --------------------------------------------------------

--
-- Struktura tabeli dla tabeli `historyczne`
--

CREATE TABLE `historyczne` (
  `Id` int(7) NOT NULL,
  `Nazwa` varchar(100) DEFAULT NULL,
  `Przedzial` varchar(100) DEFAULT NULL
) ENGINE=InnoDB DEFAULT CHARSET=utf8mb4 COLLATE=utf8mb4_unicode_ci;

--
-- Dumping data for table `historyczne`
--

INSERT INTO `historyczne` (`Id`, `Nazwa`, `Przedzial`) VALUES
(1, 'Kryzys finansowy (2008-2009)', 'r2008,r2009'),
(2, 'Program Maluch (2011)', 'r2011'),
(3, 'Program 500+ (2016)', 'r2016'),
(4, 'Pandemia COVID-19 (2020-2022)', 'r2020,r2021,r2022'),
(5, 'Strajki kobiet (2020-2021)', 'r2020,r2021');

-- --------------------------------------------------------

--
-- Struktura tabeli dla tabeli `pkb`
--

CREATE TABLE `pkb` (
  `Kod` varchar(7) NOT NULL,
  `Nazwa` varchar(19) DEFAULT NULL,
  `r2004` varchar(6) DEFAULT NULL,
  `r2005` varchar(6) DEFAULT NULL,
  `r2006` varchar(6) DEFAULT NULL,
  `r2007` varchar(6) DEFAULT NULL,
  `r2008` varchar(6) DEFAULT NULL,
  `r2009` varchar(6) DEFAULT NULL,
  `r2010` varchar(6) DEFAULT NULL,
  `r2011` varchar(6) DEFAULT NULL,
  `r2012` varchar(6) DEFAULT NULL,
  `r2013` varchar(6) DEFAULT NULL,
  `r2014` varchar(6) DEFAULT NULL,
  `r2015` varchar(6) DEFAULT NULL,
  `r2016` varchar(6) DEFAULT NULL,
  `r2017` varchar(6) DEFAULT NULL,
  `r2018` varchar(6) DEFAULT NULL,
  `r2019` varchar(6) DEFAULT NULL,
  `r2020` varchar(6) DEFAULT NULL,
  `r2021` varchar(7) DEFAULT NULL,
  `r2022` varchar(7) DEFAULT NULL
) ENGINE=InnoDB DEFAULT CHARSET=utf8 COLLATE=utf8_general_ci;

--
-- Dumping data for table `pkb`
--

INSERT INTO `pkb` (`Kod`, `Nazwa`, `r2004`, `r2005`, `r2006`, `r2007`, `r2008`, `r2009`, `r2010`, `r2011`, `r2012`, `r2013`, `r2014`, `r2015`, `r2016`, `r2017`, `r2018`, `r2019`, `r2020`, `r2021`, `r2022`) VALUES
('0200000', 'DOLNOSLASKIE', '24 704', '26 793', '30 030', '33 883', '36 453', '38 833', '42 035', '45 932', '47 398', '47 220', '49 471', '52 148', '53 457', '57 012', '60 481', '65 164', '67 104', '76 748', '90 980'),
('0400000', 'KUJAWSKO-POMORSKIE', '21 502', '22 410', '24 231', '26 817', '28 911', '29 753', '30 893', '32 999', '34 019', '34 757', '36 058', '38 169', '39 343', '41 779', '44 964', '47 433', '50 246', '56 774', '66 547'),
('0600000', 'LUBELSKIE', '17 326', '18 183', '19 378', '21 764', '23 968', '24 499', '25 793', '28 154', '29 472', '30 102', '31 109', '32 266', '33 467', '35 935', '37 756', '40 792', '42 370', '47 611', '55 182'),
('0800000', 'LUBUSKIE', '21 667', '23 454', '25 167', '27 792', '29 285', '30 382', '31 636', '33 631', '34 874', '35 403', '37 561', '39 121', '40 554', '42 701', '45 398', '48 366', '50 209', '56 701', '66 313'),
('1000000', 'LODZKIE', '22 472', '23 953', '25 856', '28 743', '31 328', '32 846', '34 908', '37 528', '39 322', '39 668', '41 622', '43 899', '45 154', '48 226', '51 561', '56 113', '59 529', '66 393', '76 228'),
('1200000', 'MALOPOLSKIE', '21 644', '23 002', '25 295', '27 728', '30 232', '31 636', '32 689', '35 835', '36 935', '37 433', '39 258', '42 082', '43 634', '47 047', '50 873', '54 378', '55 138', '62 908', '72 004'),
('1400000', 'MAZOWIECKIE', '36 982', '40 121', '43 528', '48 446', '51 713', '55 796', '58 768', '63 533', '66 392', '67 714', '70 204', '74 276', '76 401', '82 208', '88 779', '96 519', '97 093', '107 711', '127 791'),
('1600000', 'OPOLSKIE', '20 852', '21 573', '22 831', '26 145', '29 004', '29 870', '30 516', '32 974', '33 878', '34 155', '36 064', '37 870', '38 511', '41 040', '43 907', '47 134', '48 834', '56 689', '64 383'),
('1800000', 'PODKARPACKIE', '17 746', '18 696', '20 017', '21 937', '24 164', '25 147', '25 961', '28 405', '29 278', '30 123', '31 384', '33 159', '34 055', '36 024', '39 021', '42 053', '42 501', '48 544', '55 125'),
('2000000', 'PODLASKIE', '18 038', '19 195', '20 388', '23 116', '24 598', '26 141', '27 345', '29 652', '30 167', '31 120', '32 357', '33 493', '34 434', '37 297', '39 770', '43 072', '45 345', '50 628', '59 818'),
('2200000', 'POMORSKIE', '23 988', '25 660', '27 667', '30 720', '32 241', '34 810', '35 810', '38 727', '40 949', '40 765', '42 108', '44 953', '46 754', '49 798', '53 813', '57 989', '57 680', '66 920', '81 149'),
('2400000', 'SLASKIE', '27 235', '27 939', '29 714', '32 878', '36 091', '38 309', '39 798', '43 202', '44 274', '43 938', '45 867', '48 574', '50 011', '53 449', '57 472', '61 136', '61 641', '71 595', '85 131'),
('2600000', 'SWIETOKRZYSKIE', '19 449', '19 906', '21 911', '24 737', '27 718', '28 071', '28 870', '30 871', '31 493', '31 112', '32 573', '34 094', '34 829', '37 134', '40 146', '42 617', '44 789', '50 604', '56 507'),
('2800000', 'WARMINSKO-MAZURSKIE', '18 490', '19 532', '20 904', '22 988', '24 855', '25 978', '27 160', '29 175', '30 068', '30 456', '31 973', '33 351', '34 556', '36 449', '38 271', '40 810', '43 662', '49 098', '56 368'),
('3000000', 'WIELKOPOLSKIE', '26 140', '27 927', '29 781', '32 858', '35 592', '38 374', '39 158', '42 465', '44 342', '45 445', '47 529', '50 822', '52 744', '56 448', '59 865', '64 801', '66 499', '74 224', '85 867'),
('3200000', 'ZACHODNIOPOMORSKIE', '22 062', '23 528', '25 231', '27 544', '30 187', '30 797', '31 981', '33 956', '35 288', '35 546', '37 443', '39 803', '40 673', '43 358', '46 455', '49 581', '51 790', '58 323', '66 443');

-- --------------------------------------------------------

--
-- Struktura tabeli dla tabeli `polityczne`
--

CREATE TABLE `polityczne` (
  `Id` int(7) NOT NULL,
  `Nazwa` varchar(100) DEFAULT NULL,
  `Przedzial` varchar(100) DEFAULT NULL
) ENGINE=InnoDB DEFAULT CHARSET=utf8mb4 COLLATE=utf8mb4_unicode_ci;

--
-- Dumping data for table `polityczne`
--

INSERT INTO `polityczne` (`Id`, `Nazwa`, `Przedzial`) VALUES
(1, 'Rządy SLD-UP (2001-2005)', 'r2004,r2005'),
(2, 'Rządy PiS (2005-2007)', 'r2005,r2006,r2007'),
(3, 'Rządy PO i PSL (2007-2015)', 'r2007,r2008,r2009,r2010,r2011,r2012,r2013,r2014,r2015'),
(6, 'Rządy PiS (2015-2022)', 'r2015,r2016,r2017,r2018,r2019,r2020,r2021,r2022');

-- --------------------------------------------------------

--
-- Struktura tabeli dla tabeli `Session`
--

CREATE TABLE `Session` (
  `id` varchar(191) NOT NULL,
  `sessionToken` varchar(191) NOT NULL,
  `userId` varchar(191) NOT NULL,
  `expires` datetime(3) NOT NULL,
  `createdAt` datetime(3) NOT NULL DEFAULT current_timestamp(3),
  `updatedAt` datetime(3) NOT NULL
) ENGINE=InnoDB DEFAULT CHARSET=utf8mb4 COLLATE=utf8mb4_unicode_ci;

--
-- Dumping data for table `Session`
--

INSERT INTO `Session` (`id`, `sessionToken`, `userId`, `expires`, `createdAt`, `updatedAt`) VALUES
('clwrpiavc00004eucej93h91r', 'eyJhbGciOiJIUzI1NiIsInR5cCI6IkpXVCJ9.eyJ1c2VyIjp7ImVtYWlsIjoidXNlckB1c2VyLmNvbSIsInJvbGUiOiJVU0VSIn0sImlhdCI6MTcxNjk3OTkxMSwiZXhwIjoxNzE2OTgzNTExfQ.dGJF8WunPCEySPI-qrjudtwXe4wvDcsikCS2_ld49Ys', 'clwi2yatd0000zjre77tbfwrb', '2024-05-29 11:51:51.816', '2024-05-29 10:51:51.816', '2024-05-29 10:51:51.816');

-- --------------------------------------------------------

--
-- Struktura tabeli dla tabeli `srednia_dl_zycia`
--

CREATE TABLE `srednia_dl_zycia` (
  `Kod` varchar(7) NOT NULL,
  `Nazwa` varchar(19) DEFAULT NULL,
  `r2004` varchar(4) DEFAULT NULL,
  `r2005` varchar(4) DEFAULT NULL,
  `r2006` varchar(4) DEFAULT NULL,
  `r2007` varchar(4) DEFAULT NULL,
  `r2008` varchar(4) DEFAULT NULL,
  `r2009` varchar(4) DEFAULT NULL,
  `r2010` varchar(4) DEFAULT NULL,
  `r2011` varchar(4) DEFAULT NULL,
  `r2012` varchar(4) DEFAULT NULL,
  `r2013` varchar(4) DEFAULT NULL,
  `r2014` varchar(4) DEFAULT NULL,
  `r2015` varchar(4) DEFAULT NULL,
  `r2016` varchar(4) DEFAULT NULL,
  `r2017` varchar(4) DEFAULT NULL,
  `r2018` varchar(4) DEFAULT NULL,
  `r2019` varchar(4) DEFAULT NULL,
  `r2020` varchar(4) DEFAULT NULL,
  `r2021` varchar(4) DEFAULT NULL,
  `r2022` varchar(4) DEFAULT NULL
) ENGINE=InnoDB DEFAULT CHARSET=utf8 COLLATE=utf8_general_ci;

--
-- Dumping data for table `srednia_dl_zycia`
--

INSERT INTO `srednia_dl_zycia` (`Kod`, `Nazwa`, `r2004`, `r2005`, `r2006`, `r2007`, `r2008`, `r2009`, `r2010`, `r2011`, `r2012`, `r2013`, `r2014`, `r2015`, `r2016`, `r2017`, `r2018`, `r2019`, `r2020`, `r2021`, `r2022`) VALUES
('0200000', 'DOLNOSLASKIE', '74,4', '74,7', '74,7', '74,7', '74,7', '75,2', '76,0', '76,3', '76,3', '76,7', '77,1', '77,1', '77,5', '77,3', '77,3', '77,4', '76,4', '75,5', '76,8'),
('0400000', 'KUJAWSKO-POMORSKIE', '74,7', '74,9', '75,0', '74,8', '75,3', '75,5', '75,6', '76,2', '76,6', '76,7', '77,2', '77,4', '77,5', '77,5', '77,3', '77,4', '76,4', '75,1', '76,8'),
('0600000', 'LUBELSKIE', '74,8', '74,9', '75,3', '75,2', '75,4', '75,7', '76,1', '76,4', '77,0', '77,2', '77,7', '77,9', '78,2', '77,9', '77,9', '78,2', '76,7', '75,4', '77,5'),
('0800000', 'LUBUSKIE', '74,4', '74,6', '74,7', '74,6', '74,9', '75,1', '75,8', '75,7', '76,3', '76,2', '77,0', '76,9', '77,2', '77,3', '77,0', '77,0', '75,9', '74,8', '76,5'),
('1000000', 'LODZKIE', '73,8', '73,5', '73,6', '73,7', '74,0', '74,1', '74,8', '75,0', '75,2', '75,4', '76,2', '75,9', '76,4', '76,4', '76,4', '76,8', '75,4', '74,8', '76,1'),
('1200000', 'MALOPOLSKIE', '76,2', '76,3', '76,5', '76,6', '76,9', '77,1', '77,6', '77,8', '78,0', '78,4', '78,9', '78,8', '79,1', '79,0', '79,1', '79,0', '77,7', '77,3', '78,6'),
('1400000', 'MAZOWIECKIE', '75,5', '75,7', '75,8', '75,9', '76,2', '76,1', '76,8', '77,2', '77,1', '77,5', '77,9', '78,0', '78,2', '78,1', '78,0', '78,2', '76,9', '75,8', '77,7'),
('1600000', 'OPOLSKIE', '75,8', '75,7', '75,9', '76,1', '76,0', '76,6', '76,7', '77,2', '76,9', '77,2', '78,0', '77,6', '78,1', '77,9', '78,3', '78,3', '77,0', '76,4', '77,5'),
('1800000', 'PODKARPACKIE', '76,0', '76,2', '76,7', '76,9', '77,2', '77,2', '77,8', '78,1', '78,2', '78,6', '79,0', '78,7', '79,2', '79,4', '79,4', '79,3', '77,8', '76,7', '78,6'),
('2000000', 'PODLASKIE', '75,7', '75,7', '75,8', '76,2', '76,7', '76,7', '77,2', '77,6', '77,7', '77,8', '78,4', '78,2', '78,5', '78,6', '78,4', '78,7', '77,5', '76,0', '78,2'),
('2200000', 'POMORSKIE', '75,4', '75,8', '75,8', '75,6', '76,0', '76,3', '76,9', '77,2', '77,1', '77,7', '78,0', '77,8', '78,1', '78,3', '78,3', '78,3', '77,3', '76,4', '77,4'),
('2400000', 'SLASKIE', '74,3', '74,5', '74,7', '74,8', '74,9', '75,1', '75,7', '75,9', '76,0', '76,3', '76,8', '76,7', '77,2', '77,1', '77,2', '77,3', '76,2', '75,1', '76,5'),
('2600000', 'SWIETOKRZYSKIE', '75,6', '75,4', '75,6', '75,8', '76,0', '76,4', '76,4', '76,7', '77,1', '77,2', '77,9', '77,6', '77,9', '78,0', '77,9', '78,0', '76,5', '75,8', '77,2'),
('2800000', 'WARMINSKO-MAZURSKIE', '74,4', '74,7', '74,8', '74,9', '75,2', '75,3', '75,9', '76,1', '76,4', '76,4', '77,1', '76,9', '76,9', '77,2', '77,1', '77,1', '76,3', '75,1', '76,6'),
('3000000', 'WIELKOPOLSKIE', '74,9', '75,3', '75,4', '75,5', '75,9', '76,0', '76,5', '76,9', '77,0', '77,1', '77,6', '77,5', '77,9', '77,9', '77,7', '77,9', '76,7', '75,9', '77,3'),
('3200000', 'ZACHODNIOPOMORSKIE', '74,4', '74,7', '74,8', '74,9', '75,1', '75,3', '75,7', '76,1', '76,6', '76,6', '77,2', '77,3', '77,5', '77,5', '77,4', '77,4', '76,4', '75,4', '76,8');

-- --------------------------------------------------------

--
-- Struktura tabeli dla tabeli `User`
--

CREATE TABLE `User` (
  `id` varchar(191) NOT NULL,
  `email` varchar(191) DEFAULT NULL,
  `createdAt` datetime(3) NOT NULL DEFAULT current_timestamp(3),
  `updatedAt` datetime(3) NOT NULL,
  `password` varchar(191) NOT NULL,
  `role` varchar(191) NOT NULL DEFAULT 'USER'
) ENGINE=InnoDB DEFAULT CHARSET=utf8mb4 COLLATE=utf8mb4_unicode_ci;

--
-- Dumping data for table `User`
--

INSERT INTO `User` (`id`, `email`, `createdAt`, `updatedAt`, `password`, `role`) VALUES
('clwi2yatd0000zjre77tbfwrb', 'user@user.com', '2024-05-22 17:10:31.489', '2024-05-22 17:10:31.489', '$2b$10$E.ErCya1mgW3lR9tjgjLUeFzNoGDc63f1JWO31HQzi9etCy4IljiS', 'USER');

-- --------------------------------------------------------

--
-- Struktura tabeli dla tabeli `wsp_dzietnosci`
--

CREATE TABLE `wsp_dzietnosci` (
  `Kod` varchar(7) NOT NULL,
  `Nazwa` varchar(19) DEFAULT NULL,
  `r2004` varchar(5) DEFAULT NULL,
  `r2005` varchar(5) DEFAULT NULL,
  `r2006` varchar(5) DEFAULT NULL,
  `r2007` varchar(5) DEFAULT NULL,
  `r2008` varchar(5) DEFAULT NULL,
  `r2009` varchar(5) DEFAULT NULL,
  `r2010` varchar(5) DEFAULT NULL,
  `r2011` varchar(5) DEFAULT NULL,
  `r2012` varchar(5) DEFAULT NULL,
  `r2013` varchar(5) DEFAULT NULL,
  `r2014` varchar(5) DEFAULT NULL,
  `r2015` varchar(5) DEFAULT NULL,
  `r2016` varchar(5) DEFAULT NULL,
  `r2017` varchar(5) DEFAULT NULL,
  `r2018` varchar(5) DEFAULT NULL,
  `r2019` varchar(5) DEFAULT NULL,
  `r2020` varchar(5) DEFAULT NULL,
  `r2021` varchar(5) DEFAULT NULL,
  `r2022` varchar(5) DEFAULT NULL
) ENGINE=InnoDB DEFAULT CHARSET=utf8 COLLATE=utf8_general_ci;

--
-- Dumping data for table `wsp_dzietnosci`
--

INSERT INTO `wsp_dzietnosci` (`Kod`, `Nazwa`, `r2004`, `r2005`, `r2006`, `r2007`, `r2008`, `r2009`, `r2010`, `r2011`, `r2012`, `r2013`, `r2014`, `r2015`, `r2016`, `r2017`, `r2018`, `r2019`, `r2020`, `r2021`, `r2022`) VALUES
('0200000', 'DOLNOSLASKIE', '1,124', '1,148', '1,179', '1,222', '1,316', '1,316', '1,288', '1,210', '1,201', '1,153', '1,225', '1,206', '1,286', '1,361', '1,367', '1,357', '1,282', '1,249', '1,199'),
('0400000', 'KUJAWSKO-POMORSKIE', '1,256', '1,271', '1,308', '1,348', '1,433', '1,419', '1,388', '1,297', '1,294', '1,253', '1,285', '1,249', '1,318', '1,411', '1,374', '1,369', '1,370', '1,314', '1,223'),
('0600000', 'LUBELSKIE', '1,302', '1,329', '1,330', '1,343', '1,412', '1,405', '1,367', '1,297', '1,299', '1,222', '1,245', '1,257', '1,271', '1,372', '1,348', '1,324', '1,365', '1,300', '1,229'),
('0800000', 'LUBUSKIE', '1,249', '1,243', '1,299', '1,333', '1,400', '1,419', '1,352', '1,298', '1,307', '1,246', '1,267', '1,253', '1,326', '1,430', '1,353', '1,326', '1,376', '1,304', '1,213'),
('1000000', 'LODZKIE', '1,180', '1,181', '1,219', '1,243', '1,331', '1,363', '1,353', '1,279', '1,290', '1,232', '1,268', '1,260', '1,324', '1,409', '1,396', '1,349', '1,381', '1,333', '1,282'),
('1200000', 'MALOPOLSKIE', '1,283', '1,286', '1,279', '1,322', '1,417', '1,426', '1,396', '1,332', '1,316', '1,290', '1,300', '1,320', '1,397', '1,486', '1,499', '1,487', '1,409', '1,349', '1,286'),
('1400000', 'MAZOWIECKIE', '1,241', '1,261', '1,314', '1,359', '1,434', '1,454', '1,453', '1,366', '1,370', '1,333', '1,382', '1,409', '1,482', '1,570', '1,564', '1,570', '1,430', '1,390', '1,330'),
('1600000', 'OPOLSKIE', '1,012', '1,044', '1,039', '1,042', '1,132', '1,147', '1,155', '1,102', '1,146', '1,074', '1,139', '1,124', '1,201', '1,288', '1,255', '1,273', '1,283', '1,226', '1,195'),
('1800000', 'PODKARPACKIE', '1,286', '1,271', '1,243', '1,275', '1,341', '1,340', '1,314', '1,265', '1,266', '1,230', '1,212', '1,199', '1,254', '1,372', '1,369', '1,336', '1,371', '1,294', '1,246'),
('2000000', 'PODLASKIE', '1,220', '1,245', '1,244', '1,253', '1,327', '1,346', '1,309', '1,227', '1,231', '1,178', '1,235', '1,226', '1,303', '1,401', '1,393', '1,374', '1,383', '1,364', '1,274'),
('2200000', 'POMORSKIE', '1,340', '1,359', '1,394', '1,455', '1,558', '1,548', '1,490', '1,392', '1,398', '1,344', '1,396', '1,412', '1,506', '1,625', '1,598', '1,598', '1,478', '1,432', '1,317'),
('2400000', 'SLASKIE', '1,119', '1,130', '1,173', '1,211', '1,298', '1,326', '1,341', '1,265', '1,274', '1,247', '1,264', '1,258', '1,323', '1,424', '1,389', '1,360', '1,366', '1,284', '1,213'),
('2600000', 'SWIETOKRZYSKIE', '1,197', '1,209', '1,191', '1,254', '1,331', '1,328', '1,306', '1,227', '1,232', '1,161', '1,181', '1,181', '1,203', '1,258', '1,262', '1,235', '1,287', '1,228', '1,186'),
('2800000', 'WARMINSKO-MAZURSKIE', '1,326', '1,335', '1,358', '1,398', '1,457', '1,474', '1,387', '1,305', '1,281', '1,235', '1,283', '1,228', '1,284', '1,412', '1,361', '1,322', '1,376', '1,240', '1,206'),
('3000000', 'WIELKOPOLSKIE', '1,268', '1,316', '1,344', '1,393', '1,488', '1,481', '1,478', '1,376', '1,376', '1,341', '1,374', '1,384', '1,466', '1,579', '1,552', '1,537', '1,488', '1,425', '1,331'),
('3200000', 'ZACHODNIOPOMORSKIE', '1,229', '1,232', '1,251', '1,301', '1,381', '1,360', '1,308', '1,215', '1,228', '1,203', '1,228', '1,218', '1,296', '1,372', '1,332', '1,299', '1,302', '1,260', '1,176');

-- --------------------------------------------------------

--
-- Struktura tabeli dla tabeli `wynagrodzenie`
--

CREATE TABLE `wynagrodzenie` (
  `Kod` varchar(7) NOT NULL,
  `Nazwa` varchar(19) DEFAULT NULL,
  `r2004` varchar(7) DEFAULT NULL,
  `r2005` varchar(7) DEFAULT NULL,
  `r2006` varchar(7) DEFAULT NULL,
  `r2007` varchar(7) DEFAULT NULL,
  `r2008` varchar(7) DEFAULT NULL,
  `r2009` varchar(7) DEFAULT NULL,
  `r2010` varchar(7) DEFAULT NULL,
  `r2011` varchar(7) DEFAULT NULL,
  `r2012` varchar(7) DEFAULT NULL,
  `r2013` varchar(7) DEFAULT NULL,
  `r2014` varchar(7) DEFAULT NULL,
  `r2015` varchar(7) DEFAULT NULL,
  `r2016` varchar(7) DEFAULT NULL,
  `r2017` varchar(7) DEFAULT NULL,
  `r2018` varchar(7) DEFAULT NULL,
  `r2019` varchar(7) DEFAULT NULL,
  `r2020` varchar(7) DEFAULT NULL,
  `r2021` varchar(7) DEFAULT NULL,
  `r2022` varchar(7) DEFAULT NULL
) ENGINE=InnoDB DEFAULT CHARSET=utf8 COLLATE=utf8_general_ci;

--
-- Dumping data for table `wynagrodzenie`
--

INSERT INTO `wynagrodzenie` (`Kod`, `Nazwa`, `r2004`, `r2005`, `r2006`, `r2007`, `r2008`, `r2009`, `r2010`, `r2011`, `r2012`, `r2013`, `r2014`, `r2015`, `r2016`, `r2017`, `r2018`, `r2019`, `r2020`, `r2021`, `r2022`) VALUES
('0200000', 'DOLNOSLASKIE', '2356,89', '2477,56', '2617,16', '2860,66', '3135,83', '3295,44', '3412,37', '3587,25', '3709,32', '3868,86', '4042,86', '4204,24', '4385,84', '4654,51', '4942,39', '5323,55', '5693,69', '6242,88', '6945,01'),
('0400000', 'KUJAWSKO-POMORSKIE', '2087,30', '2153,46', '2268,87', '2443,17', '2691,69', '2810,97', '2910,82', '3062,32', '3182,31', '3322,09', '3439,06', '3540,25', '3672,98', '3886,20', '4139,21', '4494,37', '4831,73', '5286,83', '5888,55'),
('0600000', 'LUBELSKIE', '2096,15', '2180,18', '2290,60', '2486,22', '2771,99', '2891,30', '3099,60', '3257,14', '3382,66', '3488,61', '3605,03', '3699,48', '3815,95', '4020,25', '4260,71', '4564,85', '4914,95', '5318,68', '5909,60'),
('0800000', 'LUBUSKIE', '2067,56', '2144,35', '2235,01', '2429,97', '2653,55', '2802,77', '2920,43', '3073,95', '3203,18', '3282,07', '3425,38', '3567,60', '3734,90', '3950,95', '4239,92', '4559,96', '4832,07', '5286,50', '6014,38'),
('1000000', 'LODZKIE', '2123,36', '2188,15', '2287,90', '2470,86', '2740,58', '2884,60', '3066,02', '3245,97', '3383,30', '3510,20', '3618,63', '3790,76', '3925,10', '4141,94', '4441,29', '4790,10', '5148,38', '5622,29', '6210,68'),
('1200000', 'MALOPOLSKIE', '2216,21', '2303,42', '2443,91', '2666,24', '2903,63', '3057,71', '3169,90', '3332,98', '3456,16', '3574,22', '3700,06', '3906,96', '4077,91', '4347,10', '4678,95', '5098,26', '5536,07', '6046,95', '6824,68'),
('1400000', 'MAZOWIECKIE', '3095,96', '3227,04', '3381,13', '3670,84', '4036,26', '4179,63', '4279,55', '4504,66', '4637,58', '4773,41', '4927,34', '5098,55', '5240,86', '5523,65', '5888,90', '6248,47', '6581,81', '7108,20', '7913,14'),
('1600000', 'OPOLSKIE', '2183,74', '2249,89', '2367,74', '2607,45', '2873,22', '2987,87', '3137,29', '3249,58', '3358,42', '3473,40', '3632,84', '3793,28', '3927,04', '4144,91', '4379,25', '4712,47', '5078,51', '5492,82', '6134,18'),
('1800000', 'PODKARPACKIE', '2018,59', '2081,76', '2179,57', '2372,82', '2614,12', '2740,89', '2877,43', '3023,21', '3152,36', '3282,69', '3412,30', '3527,62', '3653,67', '3837,17', '4089,81', '4388,16', '4707,81', '5172,11', '5662,53'),
('2000000', 'PODLASKIE', '2107,50', '2192,77', '2307,59', '2524,95', '2781,21', '2884,68', '3019,83', '3178,15', '3310,71', '3432,71', '3530,17', '3647,08', '3767,20', '4005,94', '4264,04', '4575,88', '4929,64', '5412,89', '6012,94'),
('2200000', 'POMORSKIE', '2374,71', '2511,25', '2650,20', '2882,56', '3167,70', '3320,06', '3383,58', '3567,49', '3696,89', '3847,12', '4011,59', '4132,13', '4274,73', '4496,64', '4794,74', '5142,01', '5484,46', '5994,33', '6696,84'),
('2400000', 'SLASKIE', '2488,62', '2587,07', '2729,63', '2933,32', '3239,09', '3405,18', '3528,19', '3794,62', '3855,26', '4022,80', '4100,51', '4221,45', '4295,29', '4481,57', '4825,28', '5177,86', '5450,86', '5907,84', '6727,57'),
('2600000', 'SWIETOKRZYSKIE', '2117,74', '2173,15', '2263,60', '2467,07', '2745,39', '2868,09', '2971,58', '3137,91', '3250,94', '3349,81', '3435,93', '3580,62', '3669,57', '3911,49', '4171,17', '4490,41', '4800,21', '5262,19', '5782,60'),
('2800000', 'WARMINSKO-MAZURSKIE', '2050,21', '2103,99', '2218,32', '2398,00', '2615,33', '2752,41', '2879,97', '3019,37', '3150,27', '3264,63', '3386,96', '3495,02', '3619,16', '3802,98', '4028,33', '4319,51', '4709,12', '5126,75', '5674,89'),
('3000000', 'WIELKOPOLSKIE', '2204,31', '2263,60', '2389,00', '2610,82', '2868,81', '2976,28', '3126,36', '3284,41', '3397,25', '3515,31', '3597,69', '3723,69', '3894,10', '4124,13', '4382,96', '4687,39', '4985,75', '5379,43', '6019,68'),
('3200000', 'ZACHODNIOPOMORSKIE', '2221,63', '2307,99', '2406,98', '2615,83', '2881,00', '3021,51', '3120,15', '3289,56', '3417,76', '3539,12', '3649,27', '3793,68', '3946,28', '4154,25', '4431,95', '4769,71', '5099,49', '5549,85', '6169,94');

--
-- Indeksy dla zrzutów tabel
--

--
-- Indeksy dla tabeli `bezrobocie`
--
ALTER TABLE `bezrobocie`
  ADD PRIMARY KEY (`Kod`);

--
-- Indeksy dla tabeli `historyczne`
--
ALTER TABLE `historyczne`
  ADD PRIMARY KEY (`Id`);

--
-- Indeksy dla tabeli `pkb`
--
ALTER TABLE `pkb`
  ADD PRIMARY KEY (`Kod`);

--
-- Indeksy dla tabeli `polityczne`
--
ALTER TABLE `polityczne`
  ADD PRIMARY KEY (`Id`);

--
-- Indeksy dla tabeli `Session`
--
ALTER TABLE `Session`
  ADD PRIMARY KEY (`id`),
  ADD UNIQUE KEY `Session_sessionToken_key` (`sessionToken`),
  ADD KEY `Session_userId_idx` (`userId`);

--
-- Indeksy dla tabeli `srednia_dl_zycia`
--
ALTER TABLE `srednia_dl_zycia`
  ADD PRIMARY KEY (`Kod`);

--
-- Indeksy dla tabeli `User`
--
ALTER TABLE `User`
  ADD PRIMARY KEY (`id`),
  ADD UNIQUE KEY `User_email_key` (`email`);

--
-- Indeksy dla tabeli `wsp_dzietnosci`
--
ALTER TABLE `wsp_dzietnosci`
  ADD PRIMARY KEY (`Kod`);

--
-- Indeksy dla tabeli `wynagrodzenie`
--
ALTER TABLE `wynagrodzenie`
  ADD PRIMARY KEY (`Kod`);

--
-- AUTO_INCREMENT for dumped tables
--

--
-- AUTO_INCREMENT for table `historyczne`
--
ALTER TABLE `historyczne`
  MODIFY `Id` int(7) NOT NULL AUTO_INCREMENT, AUTO_INCREMENT=6;

--
-- AUTO_INCREMENT for table `polityczne`
--
ALTER TABLE `polityczne`
  MODIFY `Id` int(7) NOT NULL AUTO_INCREMENT, AUTO_INCREMENT=7;

--
-- Constraints for dumped tables
--

--
-- Constraints for table `Session`
--
ALTER TABLE `Session`
  ADD CONSTRAINT `Session_userId_fkey` FOREIGN KEY (`userId`) REFERENCES `User` (`id`) ON UPDATE CASCADE;
COMMIT;

/*!40101 SET CHARACTER_SET_CLIENT=@OLD_CHARACTER_SET_CLIENT */;
/*!40101 SET CHARACTER_SET_RESULTS=@OLD_CHARACTER_SET_RESULTS */;
/*!40101 SET COLLATION_CONNECTION=@OLD_COLLATION_CONNECTION */;
